ticker,concept,date,value
LULU,Free Cash Flow,2025-01-31,1583481000.0
LULU,Free Cash Flow,2024-01-31,1644299000.0
LULU,Free Cash Flow,2023-01-31,327806000.0
LULU,Free Cash Flow,2022-01-31,994606000.0
LULU,Repurchase Of Capital Stock,2025-01-31,-1636879000.0
LULU,Repurchase Of Capital Stock,2024-01-31,-558652000.0
LULU,Repurchase Of Capital Stock,2023-01-31,-444001000.0
LULU,Repurchase Of Capital Stock,2022-01-31,-812602000.0
LULU,Capital Expenditure,2025-01-31,-689232000.0
LULU,Capital Expenditure,2024-01-31,-651865000.0
LULU,Capital Expenditure,2023-01-31,-638657000.0
LULU,Capital Expenditure,2022-01-31,-394502000.0
LULU,Interest Paid Supplemental Data,2025-01-31,478000.0
LULU,Interest Paid Supplemental Data,2024-01-31,234000.0
LULU,Interest Paid Supplemental Data,2023-01-31,116000.0
LULU,Interest Paid Supplemental Data,2022-01-31,12000.0
LULU,Income Tax Paid Supplemental Data,2025-01-31,579178000.0
LULU,Income Tax Paid Supplemental Data,2024-01-31,824213000.0
LULU,Income Tax Paid Supplemental Data,2023-01-31,502136000.0
LULU,Income Tax Paid Supplemental Data,2022-01-31,245213000.0
LULU,End Cash Position,2025-01-31,1984336000.0
LULU,End Cash Position,2024-01-31,2243971000.0
LULU,End Cash Position,2023-01-31,1154867000.0
LULU,End Cash Position,2022-01-31,1259871000.0
LULU,Beginning Cash Position,2025-01-31,2243971000.0
LULU,Beginning Cash Position,2024-01-31,1154867000.0
LULU,Beginning Cash Position,2023-01-31,1259871000.0
LULU,Beginning Cash Position,2022-01-31,1150517000.0
LULU,Effect Of Exchange Rate Changes,2025-01-31,-81666000.0
LULU,Effect Of Exchange Rate Changes,2024-01-31,-4100000.0
LULU,Effect Of Exchange Rate Changes,2023-01-31,-34043000.0
LULU,Effect Of Exchange Rate Changes,2022-01-31,-6876000.0
LULU,Changes In Cash,2025-01-31,-177969000.0
LULU,Changes In Cash,2024-01-31,1093204000.0
LULU,Changes In Cash,2023-01-31,-70961000.0
LULU,Changes In Cash,2022-01-31,116230000.0
LULU,Financing Cash Flow,2025-01-31,-1652508000.0
LULU,Financing Cash Flow,2024-01-31,-548828000.0
LULU,Financing Cash Flow,2023-01-31,-467487000.0
LULU,Financing Cash Flow,2022-01-31,-844987000.0
LULU,Cash Flow From Continuing Financing Activities,2025-01-31,-1652508000.0
LULU,Cash Flow From Continuing Financing Activities,2024-01-31,-548828000.0
LULU,Cash Flow From Continuing Financing Activities,2023-01-31,-467487000.0
LULU,Cash Flow From Continuing Financing Activities,2022-01-31,-844987000.0
LULU,Net Other Financing Charges,2025-01-31,-35442000.0
LULU,Net Other Financing Charges,2024-01-31,-32606000.0
LULU,Net Other Financing Charges,2023-01-31,-35190000.0
LULU,Net Other Financing Charges,2022-01-31,-770000.0
LULU,Proceeds From Stock Option Exercised,2025-01-31,19813000.0
LULU,Proceeds From Stock Option Exercised,2024-01-31,42430000.0
LULU,Proceeds From Stock Option Exercised,2023-01-31,11704000.0
LULU,Proceeds From Stock Option Exercised,2022-01-31,-31615000.0
LULU,Net Common Stock Issuance,2025-01-31,-1636879000.0
LULU,Net Common Stock Issuance,2024-01-31,-558652000.0
LULU,Net Common Stock Issuance,2023-01-31,-444001000.0
LULU,Net Common Stock Issuance,2022-01-31,-812602000.0
LULU,Common Stock Payments,2025-01-31,-1636879000.0
LULU,Common Stock Payments,2024-01-31,-558652000.0
LULU,Common Stock Payments,2023-01-31,-444001000.0
LULU,Common Stock Payments,2022-01-31,-812602000.0
LULU,Investing Cash Flow,2025-01-31,-798174000.0
LULU,Investing Cash Flow,2024-01-31,-654132000.0
LULU,Investing Cash Flow,2023-01-31,-569937000.0
LULU,Investing Cash Flow,2022-01-31,-427891000.0
LULU,Cash Flow From Continuing Investing Activities,2025-01-31,-798174000.0
LULU,Cash Flow From Continuing Investing Activities,2024-01-31,-654132000.0
LULU,Cash Flow From Continuing Investing Activities,2023-01-31,-569937000.0
LULU,Cash Flow From Continuing Investing Activities,2022-01-31,-427891000.0
LULU,Net Other Investing Changes,2025-01-31,-5009000.0
LULU,Net Other Investing Changes,2024-01-31,-658000.0
LULU,Net Other Investing Changes,2023-01-31,20916000.0
LULU,Net Other Investing Changes,2022-01-31,-10000000.0
LULU,Net Investment Purchase And Sale,2025-01-31,50213000.0
LULU,Net Investment Purchase And Sale,2024-01-31,-1609000.0
LULU,Net Investment Purchase And Sale,2023-01-31,47804000.0
LULU,Net Investment Purchase And Sale,2022-01-31,-23389000.0
LULU,Purchase Of Investment,2025-01-31,
LULU,Purchase Of Investment,2024-01-31,
LULU,Purchase Of Investment,2023-01-31,
LULU,Purchase Of Investment,2022-01-31,-23389000.0
LULU,Net Business Purchase And Sale,2025-01-31,-154146000.0
LULU,Net Business Purchase And Sale,2024-01-31,0.0
LULU,Net Business Purchase And Sale,2023-01-31,0.0
LULU,Net Business Purchase And Sale,2022-01-31,0.0
LULU,Purchase Of Business,2025-01-31,-154146000.0
LULU,Purchase Of Business,2024-01-31,0.0
LULU,Purchase Of Business,2023-01-31,0.0
LULU,Purchase Of Business,2022-01-31,0.0
LULU,Net PPE Purchase And Sale,2025-01-31,-689232000.0
LULU,Net PPE Purchase And Sale,2024-01-31,-651865000.0
LULU,Net PPE Purchase And Sale,2023-01-31,-638657000.0
LULU,Net PPE Purchase And Sale,2022-01-31,-394502000.0
LULU,Purchase Of PPE,2025-01-31,-689232000.0
LULU,Purchase Of PPE,2024-01-31,-651865000.0
LULU,Purchase Of PPE,2023-01-31,-638657000.0
LULU,Purchase Of PPE,2022-01-31,-394502000.0
LULU,Operating Cash Flow,2025-01-31,2272713000.0
LULU,Operating Cash Flow,2024-01-31,2296164000.0
LULU,Operating Cash Flow,2023-01-31,966463000.0
LULU,Operating Cash Flow,2022-01-31,1389108000.0
LULU,Cash Flow From Continuing Operating Activities,2025-01-31,2272713000.0
LULU,Cash Flow From Continuing Operating Activities,2024-01-31,2296164000.0
LULU,Cash Flow From Continuing Operating Activities,2023-01-31,966463000.0
LULU,Cash Flow From Continuing Operating Activities,2022-01-31,1389108000.0
LULU,Change In Working Capital,2025-01-31,-51895000.0
LULU,Change In Working Capital,2024-01-31,199223000.0
LULU,Change In Working Capital,2023-01-31,-659920000.0
LULU,Change In Working Capital,2022-01-31,129131000.0
LULU,Change In Other Working Capital,2025-01-31,65911000.0
LULU,Change In Other Working Capital,2024-01-31,121850000.0
LULU,Change In Other Working Capital,2023-01-31,92171000.0
LULU,Change In Other Working Capital,2022-01-31,84935000.0
LULU,Change In Other Current Liabilities,2025-01-31,2488000.0
LULU,Change In Other Current Liabilities,2024-01-31,12230000.0
LULU,Change In Other Current Liabilities,2023-01-31,-2925000.0
LULU,Change In Other Current Liabilities,2022-01-31,30073000.0
LULU,Change In Other Current Assets,2025-01-31,-73205000.0
LULU,Change In Other Current Assets,2024-01-31,-53280000.0
LULU,Change In Other Current Assets,2023-01-31,-36518000.0
LULU,Change In Other Current Assets,2022-01-31,-17556000.0
LULU,Change In Payables And Accrued Expense,2025-01-31,181190000.0
LULU,Change In Payables And Accrued Expense,2024-01-31,2764000.0
LULU,Change In Payables And Accrued Expense,2023-01-31,41324000.0
LULU,Change In Payables And Accrued Expense,2022-01-31,417584000.0
LULU,Change In Accrued Expense,2025-01-31,81029000.0
LULU,Change In Accrued Expense,2024-01-31,-1407000.0
LULU,Change In Accrued Expense,2023-01-31,112618000.0
LULU,Change In Accrued Expense,2022-01-31,179151000.0
LULU,Change In Payable,2025-01-31,100161000.0
LULU,Change In Payable,2024-01-31,4171000.0
LULU,Change In Payable,2023-01-31,-71294000.0
LULU,Change In Payable,2022-01-31,238433000.0
LULU,Change In Account Payable,2025-01-31,-57044000.0
LULU,Change In Account Payable,2024-01-31,177367000.0
LULU,Change In Account Payable,2023-01-31,-107280000.0
LULU,Change In Account Payable,2022-01-31,117655000.0
LULU,Change In Tax Payable,2025-01-31,157205000.0
LULU,Change In Tax Payable,2024-01-31,-173196000.0
LULU,Change In Tax Payable,2023-01-31,35986000.0
LULU,Change In Tax Payable,2022-01-31,120778000.0
LULU,Change In Income Tax Payable,2025-01-31,157205000.0
LULU,Change In Income Tax Payable,2024-01-31,-173196000.0
LULU,Change In Income Tax Payable,2023-01-31,35986000.0
LULU,Change In Income Tax Payable,2022-01-31,120778000.0
LULU,Change In Prepaid Assets,2025-01-31,-73820000.0
LULU,Change In Prepaid Assets,2024-01-31,42495000.0
LULU,Change In Prepaid Assets,2023-01-31,-121547000.0
LULU,Change In Prepaid Assets,2022-01-31,-62296000.0
LULU,Change In Inventory,2025-01-31,-156085000.0
LULU,Change In Inventory,2024-01-31,66584000.0
LULU,Change In Inventory,2023-01-31,-573438000.0
LULU,Change In Inventory,2022-01-31,-323609000.0
LULU,Change In Receivables,2025-01-31,1626000.0
LULU,Change In Receivables,2024-01-31,6580000.0
LULU,Change In Receivables,2023-01-31,-58987000.0
LULU,Change In Receivables,2022-01-31,
LULU,Changes In Account Receivables,2025-01-31,1626000.0
LULU,Changes In Account Receivables,2024-01-31,6580000.0
LULU,Changes In Account Receivables,2023-01-31,-58987000.0
LULU,Changes In Account Receivables,2022-01-31,
LULU,Other Non Cash Items,2025-01-31,-36231000.0
LULU,Other Non Cash Items,2024-01-31,-28547000.0
LULU,Other Non Cash Items,2023-01-31,-23337000.0
LULU,Other Non Cash Items,2022-01-31,-18699000.0
LULU,Stock Based Compensation,2025-01-31,90011000.0
LULU,Stock Based Compensation,2024-01-31,93560000.0
LULU,Stock Based Compensation,2023-01-31,78075000.0
LULU,Stock Based Compensation,2022-01-31,69137000.0
LULU,Provisionand Write Offof Assets,2025-01-31,0.0
LULU,Provisionand Write Offof Assets,2024-01-31,23709000.0
LULU,Provisionand Write Offof Assets,2023-01-31,62928000.0
LULU,Provisionand Write Offof Assets,2022-01-31,0.0
LULU,Asset Impairment Charge,2025-01-31,0.0
LULU,Asset Impairment Charge,2024-01-31,74501000.0
LULU,Asset Impairment Charge,2023-01-31,407913000.0
LULU,Asset Impairment Charge,2022-01-31,0.0
LULU,Deferred Tax,2025-01-31,57451000.0
LULU,Deferred Tax,2024-01-31,-28383000.0
LULU,Deferred Tax,2023-01-31,3042000.0
LULU,Deferred Tax,2022-01-31,-5180000.0
LULU,Deferred Income Tax,2025-01-31,57451000.0
LULU,Deferred Income Tax,2024-01-31,-28383000.0
LULU,Deferred Income Tax,2023-01-31,3042000.0
LULU,Deferred Income Tax,2022-01-31,-5180000.0
LULU,Depreciation Amortization Depletion,2025-01-31,446524000.0
LULU,Depreciation Amortization Depletion,2024-01-31,379384000.0
LULU,Depreciation Amortization Depletion,2023-01-31,291791000.0
LULU,Depreciation Amortization Depletion,2022-01-31,224206000.0
LULU,Depreciation And Amortization,2025-01-31,446524000.0
LULU,Depreciation And Amortization,2024-01-31,379384000.0
LULU,Depreciation And Amortization,2023-01-31,291791000.0
LULU,Depreciation And Amortization,2022-01-31,224206000.0
LULU,Amortization Cash Flow,2025-01-31,2700000.0
LULU,Amortization Cash Flow,2024-01-31,5000000.0
LULU,Amortization Cash Flow,2023-01-31,8800000.0
LULU,Amortization Cash Flow,2022-01-31,8800000.0
LULU,Amortization Of Intangibles,2025-01-31,2700000.0
LULU,Amortization Of Intangibles,2024-01-31,5000000.0
LULU,Amortization Of Intangibles,2023-01-31,8800000.0
LULU,Amortization Of Intangibles,2022-01-31,8800000.0
LULU,Depreciation,2025-01-31,443300000.0
LULU,Depreciation,2024-01-31,374000000.0
LULU,Depreciation,2023-01-31,282700000.0
LULU,Depreciation,2022-01-31,215300000.0
LULU,Operating Gains Losses,2025-01-31,-47763000.0
LULU,Operating Gains Losses,2024-01-31,32527000.0
LULU,Operating Gains Losses,2023-01-31,-48829000.0
LULU,Operating Gains Losses,2022-01-31,15191000.0
LULU,Gain Loss On Investment Securities,2025-01-31,-47763000.0
LULU,Gain Loss On Investment Securities,2024-01-31,32527000.0
LULU,Gain Loss On Investment Securities,2023-01-31,-38649000.0
LULU,Gain Loss On Investment Securities,2022-01-31,15191000.0
LULU,Gain Loss On Sale Of PPE,2025-01-31,0.0
LULU,Gain Loss On Sale Of PPE,2024-01-31,0.0
LULU,Gain Loss On Sale Of PPE,2023-01-31,-10180000.0
LULU,Gain Loss On Sale Of PPE,2022-01-31,0.0
LULU,Net Income From Continuing Operations,2025-01-31,1814616000.0
LULU,Net Income From Continuing Operations,2024-01-31,1550190000.0
LULU,Net Income From Continuing Operations,2023-01-31,854800000.0
LULU,Net Income From Continuing Operations,2022-01-31,975322000.0
INTC,Free Cash Flow,2025-12-31,-4949000000.0
INTC,Free Cash Flow,2024-12-31,-15656000000.0
INTC,Free Cash Flow,2023-12-31,-14279000000.0
INTC,Free Cash Flow,2022-12-31,-9411000000.0
INTC,Free Cash Flow,2021-12-31,
INTC,Repurchase Of Capital Stock,2025-12-31,
INTC,Repurchase Of Capital Stock,2024-12-31,
INTC,Repurchase Of Capital Stock,2023-12-31,0.0
INTC,Repurchase Of Capital Stock,2022-12-31,0.0
INTC,Repurchase Of Capital Stock,2021-12-31,-2415000000.0
INTC,Repayment Of Debt,2025-12-31,-7243000000.0
INTC,Repayment Of Debt,2024-12-31,-9637000000.0
INTC,Repayment Of Debt,2023-12-31,-4367000000.0
INTC,Repayment Of Debt,2022-12-31,-4984000000.0
INTC,Repayment Of Debt,2021-12-31,
INTC,Issuance Of Debt,2025-12-31,3493000000.0
INTC,Issuance Of Debt,2024-12-31,10324000000.0
INTC,Issuance Of Debt,2023-12-31,11391000000.0
INTC,Issuance Of Debt,2022-12-31,10493000000.0
INTC,Issuance Of Debt,2021-12-31,
INTC,Issuance Of Capital Stock,2025-12-31,
INTC,Issuance Of Capital Stock,2024-12-31,12714000000.0
INTC,Issuance Of Capital Stock,2023-12-31,1511000000.0
INTC,Issuance Of Capital Stock,2022-12-31,1032000000.0
INTC,Issuance Of Capital Stock,2021-12-31,0.0
INTC,Capital Expenditure,2025-12-31,-14646000000.0
INTC,Capital Expenditure,2024-12-31,-23944000000.0
INTC,Capital Expenditure,2023-12-31,-25750000000.0
INTC,Capital Expenditure,2022-12-31,-24844000000.0
INTC,Capital Expenditure,2021-12-31,
INTC,Interest Paid Supplemental Data,2025-12-31,1106000000.0
INTC,Interest Paid Supplemental Data,2024-12-31,987000000.0
INTC,Interest Paid Supplemental Data,2023-12-31,613000000.0
INTC,Interest Paid Supplemental Data,2022-12-31,459000000.0
INTC,Interest Paid Supplemental Data,2021-12-31,
INTC,Income Tax Paid Supplemental Data,2025-12-31,2299000000.0
INTC,Income Tax Paid Supplemental Data,2024-12-31,2202000000.0
INTC,Income Tax Paid Supplemental Data,2023-12-31,2621000000.0
INTC,Income Tax Paid Supplemental Data,2022-12-31,4282000000.0
INTC,Income Tax Paid Supplemental Data,2021-12-31,
INTC,End Cash Position,2025-12-31,14712000000.0
INTC,End Cash Position,2024-12-31,8249000000.0
INTC,End Cash Position,2023-12-31,7079000000.0
INTC,End Cash Position,2022-12-31,11144000000.0
INTC,End Cash Position,2021-12-31,
INTC,Beginning Cash Position,2025-12-31,8249000000.0
INTC,Beginning Cash Position,2024-12-31,7079000000.0
INTC,Beginning Cash Position,2023-12-31,11144000000.0
INTC,Beginning Cash Position,2022-12-31,4827000000.0
INTC,Beginning Cash Position,2021-12-31,
INTC,Changes In Cash,2025-12-31,6463000000.0
INTC,Changes In Cash,2024-12-31,1170000000.0
INTC,Changes In Cash,2023-12-31,-4065000000.0
INTC,Changes In Cash,2022-12-31,6317000000.0
INTC,Changes In Cash,2021-12-31,
INTC,Financing Cash Flow,2025-12-31,11587000000.0
INTC,Financing Cash Flow,2024-12-31,11138000000.0
INTC,Financing Cash Flow,2023-12-31,8505000000.0
INTC,Financing Cash Flow,2022-12-31,1115000000.0
INTC,Financing Cash Flow,2021-12-31,
INTC,Cash Flow From Continuing Financing Activities,2025-12-31,11587000000.0
INTC,Cash Flow From Continuing Financing Activities,2024-12-31,11138000000.0
INTC,Cash Flow From Continuing Financing Activities,2023-12-31,8505000000.0
INTC,Cash Flow From Continuing Financing Activities,2022-12-31,1115000000.0
INTC,Cash Flow From Continuing Financing Activities,2021-12-31,
INTC,Net Other Financing Charges,2025-12-31,1860000000.0
INTC,Net Other Financing Charges,2024-12-31,11063000000.0
INTC,Net Other Financing Charges,2023-12-31,3527000000.0
INTC,Net Other Financing Charges,2022-12-31,626000000.0
INTC,Net Other Financing Charges,2021-12-31,
INTC,Proceeds From Stock Option Exercised,2025-12-31,13477000000.0
INTC,Proceeds From Stock Option Exercised,2024-12-31,987000000.0
INTC,Proceeds From Stock Option Exercised,2023-12-31,1042000000.0
INTC,Proceeds From Stock Option Exercised,2022-12-31,977000000.0
INTC,Proceeds From Stock Option Exercised,2021-12-31,
INTC,Cash Dividends Paid,2025-12-31,0.0
INTC,Cash Dividends Paid,2024-12-31,-1599000000.0
INTC,Cash Dividends Paid,2023-12-31,-3088000000.0
INTC,Cash Dividends Paid,2022-12-31,-5997000000.0
INTC,Cash Dividends Paid,2021-12-31,
INTC,Common Stock Dividend Paid,2025-12-31,0.0
INTC,Common Stock Dividend Paid,2024-12-31,-1599000000.0
INTC,Common Stock Dividend Paid,2023-12-31,-3088000000.0
INTC,Common Stock Dividend Paid,2022-12-31,-5997000000.0
INTC,Common Stock Dividend Paid,2021-12-31,
INTC,Net Common Stock Issuance,2025-12-31,
INTC,Net Common Stock Issuance,2024-12-31,12714000000.0
INTC,Net Common Stock Issuance,2023-12-31,0.0
INTC,Net Common Stock Issuance,2022-12-31,1032000000.0
INTC,Net Common Stock Issuance,2021-12-31,-2415000000.0
INTC,Common Stock Payments,2025-12-31,
INTC,Common Stock Payments,2024-12-31,
INTC,Common Stock Payments,2023-12-31,0.0
INTC,Common Stock Payments,2022-12-31,0.0
INTC,Common Stock Payments,2021-12-31,-2415000000.0
INTC,Common Stock Issuance,2025-12-31,
INTC,Common Stock Issuance,2024-12-31,12714000000.0
INTC,Common Stock Issuance,2023-12-31,1511000000.0
INTC,Common Stock Issuance,2022-12-31,1032000000.0
INTC,Common Stock Issuance,2021-12-31,0.0
INTC,Net Issuance Payments Of Debt,2025-12-31,-3750000000.0
INTC,Net Issuance Payments Of Debt,2024-12-31,687000000.0
INTC,Net Issuance Payments Of Debt,2023-12-31,7024000000.0
INTC,Net Issuance Payments Of Debt,2022-12-31,5509000000.0
INTC,Net Issuance Payments Of Debt,2021-12-31,
INTC,Net Short Term Debt Issuance,2025-12-31,0.0
INTC,Net Short Term Debt Issuance,2024-12-31,0.0
INTC,Net Short Term Debt Issuance,2023-12-31,-3944000000.0
INTC,Net Short Term Debt Issuance,2022-12-31,3945000000.0
INTC,Net Short Term Debt Issuance,2021-12-31,
INTC,Short Term Debt Payments,2025-12-31,-3493000000.0
INTC,Short Term Debt Payments,2024-12-31,-7349000000.0
INTC,Short Term Debt Payments,2023-12-31,-3944000000.0
INTC,Short Term Debt Payments,2022-12-31,0.0
INTC,Short Term Debt Payments,2021-12-31,
INTC,Short Term Debt Issuance,2025-12-31,3493000000.0
INTC,Short Term Debt Issuance,2024-12-31,7349000000.0
INTC,Short Term Debt Issuance,2023-12-31,0.0
INTC,Short Term Debt Issuance,2022-12-31,3945000000.0
INTC,Short Term Debt Issuance,2021-12-31,
INTC,Net Long Term Debt Issuance,2025-12-31,-3750000000.0
INTC,Net Long Term Debt Issuance,2024-12-31,687000000.0
INTC,Net Long Term Debt Issuance,2023-12-31,10968000000.0
INTC,Net Long Term Debt Issuance,2022-12-31,1564000000.0
INTC,Net Long Term Debt Issuance,2021-12-31,
INTC,Long Term Debt Payments,2025-12-31,-3750000000.0
INTC,Long Term Debt Payments,2024-12-31,-2288000000.0
INTC,Long Term Debt Payments,2023-12-31,-423000000.0
INTC,Long Term Debt Payments,2022-12-31,-4984000000.0
INTC,Long Term Debt Payments,2021-12-31,
INTC,Long Term Debt Issuance,2025-12-31,0.0
INTC,Long Term Debt Issuance,2024-12-31,2975000000.0
INTC,Long Term Debt Issuance,2023-12-31,11391000000.0
INTC,Long Term Debt Issuance,2022-12-31,6548000000.0
INTC,Long Term Debt Issuance,2021-12-31,
INTC,Investing Cash Flow,2025-12-31,-14821000000.0
INTC,Investing Cash Flow,2024-12-31,-18256000000.0
INTC,Investing Cash Flow,2023-12-31,-24041000000.0
INTC,Investing Cash Flow,2022-12-31,-10231000000.0
INTC,Investing Cash Flow,2021-12-31,
INTC,Cash Flow From Continuing Investing Activities,2025-12-31,-14821000000.0
INTC,Cash Flow From Continuing Investing Activities,2024-12-31,-18256000000.0
INTC,Cash Flow From Continuing Investing Activities,2023-12-31,-24041000000.0
INTC,Cash Flow From Continuing Investing Activities,2022-12-31,-10231000000.0
INTC,Cash Flow From Continuing Investing Activities,2021-12-31,
INTC,Net Other Investing Changes,2025-12-31,1929000000.0
INTC,Net Other Investing Changes,2024-12-31,1118000000.0
INTC,Net Other Investing Changes,2023-12-31,1574000000.0
INTC,Net Other Investing Changes,2022-12-31,-1329000000.0
INTC,Net Other Investing Changes,2021-12-31,
INTC,Net Investment Purchase And Sale,2025-12-31,-8261000000.0
INTC,Net Investment Purchase And Sale,2024-12-31,4570000000.0
INTC,Net Investment Purchase And Sale,2023-12-31,135000000.0
INTC,Net Investment Purchase And Sale,2022-12-31,10044000000.0
INTC,Net Investment Purchase And Sale,2021-12-31,
INTC,Sale Of Investment,2025-12-31,16058000000.0
INTC,Sale Of Investment,2024-12-31,42510000000.0
INTC,Sale Of Investment,2023-12-31,44549000000.0
INTC,Sale Of Investment,2022-12-31,53691000000.0
INTC,Sale Of Investment,2021-12-31,
INTC,Purchase Of Investment,2025-12-31,-24319000000.0
INTC,Purchase Of Investment,2024-12-31,-37940000000.0
INTC,Purchase Of Investment,2023-12-31,-44414000000.0
INTC,Purchase Of Investment,2022-12-31,-43647000000.0
INTC,Purchase Of Investment,2021-12-31,
INTC,Net Business Purchase And Sale,2025-12-31,6157000000.0
INTC,Net Business Purchase And Sale,2024-12-31,0.0
INTC,Net Business Purchase And Sale,2023-12-31,0.0
INTC,Net Business Purchase And Sale,2022-12-31,5898000000.0
INTC,Net Business Purchase And Sale,2021-12-31,
INTC,Sale Of Business,2025-12-31,6157000000.0
INTC,Sale Of Business,2024-12-31,0.0
INTC,Sale Of Business,2023-12-31,0.0
INTC,Sale Of Business,2022-12-31,6579000000.0
INTC,Sale Of Business,2021-12-31,
INTC,Purchase Of Business,2025-12-31,
INTC,Purchase Of Business,2024-12-31,-82000000.0
INTC,Purchase Of Business,2023-12-31,-13000000.0
INTC,Purchase Of Business,2022-12-31,-681000000.0
INTC,Purchase Of Business,2021-12-31,-209000000.0
INTC,Net PPE Purchase And Sale,2025-12-31,-14646000000.0
INTC,Net PPE Purchase And Sale,2024-12-31,-23944000000.0
INTC,Net PPE Purchase And Sale,2023-12-31,-25750000000.0
INTC,Net PPE Purchase And Sale,2022-12-31,-24844000000.0
INTC,Net PPE Purchase And Sale,2021-12-31,
INTC,Purchase Of PPE,2025-12-31,-14646000000.0
INTC,Purchase Of PPE,2024-12-31,-23944000000.0
INTC,Purchase Of PPE,2023-12-31,-25750000000.0
INTC,Purchase Of PPE,2022-12-31,-24844000000.0
INTC,Purchase Of PPE,2021-12-31,
INTC,Operating Cash Flow,2025-12-31,9697000000.0
INTC,Operating Cash Flow,2024-12-31,8288000000.0
INTC,Operating Cash Flow,2023-12-31,11471000000.0
INTC,Operating Cash Flow,2022-12-31,15433000000.0
INTC,Operating Cash Flow,2021-12-31,
INTC,Cash Flow From Continuing Operating Activities,2025-12-31,9697000000.0
INTC,Cash Flow From Continuing Operating Activities,2024-12-31,8288000000.0
INTC,Cash Flow From Continuing Operating Activities,2023-12-31,11471000000.0
INTC,Cash Flow From Continuing Operating Activities,2022-12-31,15433000000.0
INTC,Cash Flow From Continuing Operating Activities,2021-12-31,
INTC,Change In Working Capital,2025-12-31,-1747000000.0
INTC,Change In Working Capital,2024-12-31,1103000000.0
INTC,Change In Working Capital,2023-12-31,-569000000.0
INTC,Change In Working Capital,2022-12-31,339000000.0
INTC,Change In Working Capital,2021-12-31,
INTC,Change In Other Working Capital,2025-12-31,-2245000000.0
INTC,Change In Other Working Capital,2024-12-31,1867000000.0
INTC,Change In Other Working Capital,2023-12-31,-1982000000.0
INTC,Change In Other Working Capital,2022-12-31,-990000000.0
INTC,Change In Other Working Capital,2021-12-31,
INTC,Change In Payables And Accrued Expense,2025-12-31,1085000000.0
INTC,Change In Payables And Accrued Expense,2024-12-31,416000000.0
INTC,Change In Payables And Accrued Expense,2023-12-31,-1415000000.0
INTC,Change In Payables And Accrued Expense,2022-12-31,-1562000000.0
INTC,Change In Payables And Accrued Expense,2021-12-31,
INTC,Change In Accrued Expense,2025-12-31,788000000.0
INTC,Change In Accrued Expense,2024-12-31,-218000000.0
INTC,Change In Accrued Expense,2023-12-31,-614000000.0
INTC,Change In Accrued Expense,2022-12-31,-1533000000.0
INTC,Change In Accrued Expense,2021-12-31,
INTC,Change In Payable,2025-12-31,297000000.0
INTC,Change In Payable,2024-12-31,634000000.0
INTC,Change In Payable,2023-12-31,-801000000.0
INTC,Change In Payable,2022-12-31,-29000000.0
INTC,Change In Payable,2021-12-31,
INTC,Change In Account Payable,2025-12-31,297000000.0
INTC,Change In Account Payable,2024-12-31,634000000.0
INTC,Change In Account Payable,2023-12-31,-801000000.0
INTC,Change In Account Payable,2022-12-31,-29000000.0
INTC,Change In Account Payable,2021-12-31,
INTC,Change In Prepaid Assets,2025-12-31,
INTC,Change In Prepaid Assets,2024-12-31,
INTC,Change In Prepaid Assets,2023-12-31,
INTC,Change In Prepaid Assets,2022-12-31,-24000000.0
INTC,Change In Prepaid Assets,2021-12-31,-1583000000.0
INTC,Change In Inventory,2025-12-31,-138000000.0
INTC,Change In Inventory,2024-12-31,-1105000000.0
INTC,Change In Inventory,2023-12-31,2097000000.0
INTC,Change In Inventory,2022-12-31,-2436000000.0
INTC,Change In Inventory,2021-12-31,
INTC,Change In Receivables,2025-12-31,-449000000.0
INTC,Change In Receivables,2024-12-31,-75000000.0
INTC,Change In Receivables,2023-12-31,731000000.0
INTC,Change In Receivables,2022-12-31,5327000000.0
INTC,Change In Receivables,2021-12-31,
INTC,Changes In Account Receivables,2025-12-31,-449000000.0
INTC,Changes In Account Receivables,2024-12-31,-75000000.0
INTC,Changes In Account Receivables,2023-12-31,731000000.0
INTC,Changes In Account Receivables,2022-12-31,5327000000.0
INTC,Changes In Account Receivables,2021-12-31,
INTC,Other Non Cash Items,2025-12-31,476000000.0
INTC,Other Non Cash Items,2024-12-31,3491000000.0
INTC,Other Non Cash Items,2023-12-31,-424000000.0
INTC,Other Non Cash Items,2022-12-31,1074000000.0
INTC,Other Non Cash Items,2021-12-31,
INTC,Stock Based Compensation,2025-12-31,2434000000.0
INTC,Stock Based Compensation,2024-12-31,3410000000.0
INTC,Stock Based Compensation,2023-12-31,3229000000.0
INTC,Stock Based Compensation,2022-12-31,3128000000.0
INTC,Stock Based Compensation,2021-12-31,
INTC,Asset Impairment Charge,2025-12-31,515000000.0
INTC,Asset Impairment Charge,2024-12-31,2252000000.0
INTC,Asset Impairment Charge,2023-12-31,33000000.0
INTC,Asset Impairment Charge,2022-12-31,301000000.0
INTC,Asset Impairment Charge,2021-12-31,
INTC,Deferred Tax,2025-12-31,328000000.0
INTC,Deferred Tax,2024-12-31,6132000000.0
INTC,Deferred Tax,2023-12-31,-2033000000.0
INTC,Deferred Tax,2022-12-31,-5148000000.0
INTC,Deferred Tax,2021-12-31,
INTC,Deferred Income Tax,2025-12-31,328000000.0
INTC,Deferred Income Tax,2024-12-31,6132000000.0
INTC,Deferred Income Tax,2023-12-31,-2033000000.0
INTC,Deferred Income Tax,2022-12-31,-5148000000.0
INTC,Deferred Income Tax,2021-12-31,
INTC,Depreciation Amortization Depletion,2025-12-31,11706000000.0
INTC,Depreciation Amortization Depletion,2024-12-31,11379000000.0
INTC,Depreciation Amortization Depletion,2023-12-31,9602000000.0
INTC,Depreciation Amortization Depletion,2022-12-31,13035000000.0
INTC,Depreciation Amortization Depletion,2021-12-31,
INTC,Depreciation And Amortization,2025-12-31,11706000000.0
INTC,Depreciation And Amortization,2024-12-31,11379000000.0
INTC,Depreciation And Amortization,2023-12-31,9602000000.0
INTC,Depreciation And Amortization,2022-12-31,13035000000.0
INTC,Depreciation And Amortization,2021-12-31,
INTC,Amortization Cash Flow,2025-12-31,949000000.0
INTC,Amortization Cash Flow,2024-12-31,1428000000.0
INTC,Amortization Cash Flow,2023-12-31,1755000000.0
INTC,Amortization Cash Flow,2022-12-31,1907000000.0
INTC,Amortization Cash Flow,2021-12-31,
INTC,Amortization Of Intangibles,2025-12-31,949000000.0
INTC,Amortization Of Intangibles,2024-12-31,1428000000.0
INTC,Amortization Of Intangibles,2023-12-31,1755000000.0
INTC,Amortization Of Intangibles,2022-12-31,1907000000.0
INTC,Amortization Of Intangibles,2021-12-31,
INTC,Depreciation,2025-12-31,10757000000.0
INTC,Depreciation,2024-12-31,9951000000.0
INTC,Depreciation,2023-12-31,7847000000.0
INTC,Depreciation,2022-12-31,11128000000.0
INTC,Depreciation,2021-12-31,
INTC,Operating Gains Losses,2025-12-31,-4041000000.0
INTC,Operating Gains Losses,2024-12-31,-246000000.0
INTC,Operating Gains Losses,2023-12-31,-42000000.0
INTC,Operating Gains Losses,2022-12-31,-5313000000.0
INTC,Operating Gains Losses,2021-12-31,
INTC,Gain Loss On Investment Securities,2025-12-31,1282000000.0
INTC,Gain Loss On Investment Securities,2024-12-31,-246000000.0
INTC,Gain Loss On Investment Securities,2023-12-31,-42000000.0
INTC,Gain Loss On Investment Securities,2022-12-31,-4254000000.0
INTC,Gain Loss On Investment Securities,2021-12-31,
INTC,Gain Loss On Sale Of Business,2025-12-31,-5323000000.0
INTC,Gain Loss On Sale Of Business,2024-12-31,0.0
INTC,Gain Loss On Sale Of Business,2023-12-31,0.0
INTC,Gain Loss On Sale Of Business,2022-12-31,-1059000000.0
INTC,Gain Loss On Sale Of Business,2021-12-31,
INTC,Net Income From Continuing Operations,2025-12-31,26000000.0
INTC,Net Income From Continuing Operations,2024-12-31,-19233000000.0
INTC,Net Income From Continuing Operations,2023-12-31,1675000000.0
INTC,Net Income From Continuing Operations,2022-12-31,8017000000.0
INTC,Net Income From Continuing Operations,2021-12-31,
C,Free Cash Flow,2024-12-31,-26169000000.0
C,Free Cash Flow,2023-12-31,-79999000000.0
C,Free Cash Flow,2022-12-31,19437000000.0
C,Free Cash Flow,2021-12-31,42971000000.0
C,Repurchase Of Capital Stock,2024-12-31,-7524000000.0
C,Repurchase Of Capital Stock,2023-12-31,-6122000000.0
C,Repurchase Of Capital Stock,2022-12-31,-3250000000.0
C,Repurchase Of Capital Stock,2021-12-31,-11386000000.0
C,Repayment Of Debt,2024-12-31,-92957000000.0
C,Repayment Of Debt,2023-12-31,-64959000000.0
C,Repayment Of Debt,2022-12-31,-57085000000.0
C,Repayment Of Debt,2021-12-31,-74950000000.0
C,Issuance Of Debt,2024-12-31,99075000000.0
C,Issuance Of Debt,2023-12-31,65819000000.0
C,Issuance Of Debt,2022-12-31,104748000000.0
C,Issuance Of Debt,2021-12-31,70658000000.0
C,Issuance Of Capital Stock,2024-12-31,5282000000.0
C,Issuance Of Capital Stock,2023-12-31,2739000000.0
C,Issuance Of Capital Stock,2022-12-31,0.0
C,Issuance Of Capital Stock,2021-12-31,3300000000.0
C,Capital Expenditure,2024-12-31,-6500000000.0
C,Capital Expenditure,2023-12-31,-6583000000.0
C,Capital Expenditure,2022-12-31,-5632000000.0
C,Capital Expenditure,2021-12-31,-4119000000.0
C,Interest Paid Supplemental Data,2024-12-31,88027000000.0
C,Interest Paid Supplemental Data,2023-12-31,72989000000.0
C,Interest Paid Supplemental Data,2022-12-31,22615000000.0
C,Interest Paid Supplemental Data,2021-12-31,7143000000.0
C,Income Tax Paid Supplemental Data,2024-12-31,5798000000.0
C,Income Tax Paid Supplemental Data,2023-12-31,5727000000.0
C,Income Tax Paid Supplemental Data,2022-12-31,3733000000.0
C,Income Tax Paid Supplemental Data,2021-12-31,4028000000.0
C,End Cash Position,2024-12-31,276532000000.0
C,End Cash Position,2023-12-31,260932000000.0
C,End Cash Position,2022-12-31,342025000000.0
C,End Cash Position,2021-12-31,262033000000.0
C,Beginning Cash Position,2024-12-31,260932000000.0
C,Beginning Cash Position,2023-12-31,342025000000.0
C,Beginning Cash Position,2022-12-31,262033000000.0
C,Beginning Cash Position,2021-12-31,309615000000.0
C,Effect Of Exchange Rate Changes,2024-12-31,-12677000000.0
C,Effect Of Exchange Rate Changes,2023-12-31,95000000.0
C,Effect Of Exchange Rate Changes,2022-12-31,-3385000000.0
C,Effect Of Exchange Rate Changes,2021-12-31,-1198000000.0
C,Changes In Cash,2024-12-31,28277000000.0
C,Changes In Cash,2023-12-31,-81188000000.0
C,Changes In Cash,2022-12-31,83377000000.0
C,Changes In Cash,2021-12-31,-46384000000.0
C,Financing Cash Flow,2024-12-31,-38304000000.0
C,Financing Cash Flow,2023-12-31,687000000.0
C,Financing Cash Flow,2022-12-31,137763000000.0
C,Financing Cash Flow,2021-12-31,17272000000.0
C,Cash Flow From Continuing Financing Activities,2024-12-31,-38304000000.0
C,Cash Flow From Continuing Financing Activities,2023-12-31,687000000.0
C,Cash Flow From Continuing Financing Activities,2022-12-31,137763000000.0
C,Cash Flow From Continuing Financing Activities,2021-12-31,17272000000.0
C,Net Other Financing Charges,2024-12-31,-454000000.0
C,Net Other Financing Charges,2023-12-31,-329000000.0
C,Net Other Financing Charges,2022-12-31,-344000000.0
C,Net Other Financing Charges,2021-12-31,-337000000.0
C,Cash Dividends Paid,2024-12-31,-5199000000.0
C,Cash Dividends Paid,2023-12-31,-5212000000.0
C,Cash Dividends Paid,2022-12-31,-5003000000.0
C,Cash Dividends Paid,2021-12-31,-5198000000.0
C,Net Preferred Stock Issuance,2024-12-31,232000000.0
C,Net Preferred Stock Issuance,2023-12-31,-1406000000.0
C,Net Preferred Stock Issuance,2022-12-31,0.0
C,Net Preferred Stock Issuance,2021-12-31,-485000000.0
C,Preferred Stock Payments,2024-12-31,-5050000000.0
C,Preferred Stock Payments,2023-12-31,-4145000000.0
C,Preferred Stock Payments,2022-12-31,0.0
C,Preferred Stock Payments,2021-12-31,-3785000000.0
C,Preferred Stock Issuance,2024-12-31,5282000000.0
C,Preferred Stock Issuance,2023-12-31,2739000000.0
C,Preferred Stock Issuance,2022-12-31,0.0
C,Preferred Stock Issuance,2021-12-31,3300000000.0
C,Net Common Stock Issuance,2024-12-31,-2474000000.0
C,Net Common Stock Issuance,2023-12-31,-1977000000.0
C,Net Common Stock Issuance,2022-12-31,-3250000000.0
C,Net Common Stock Issuance,2021-12-31,-7601000000.0
C,Common Stock Payments,2024-12-31,-2474000000.0
C,Common Stock Payments,2023-12-31,-1977000000.0
C,Common Stock Payments,2022-12-31,-3250000000.0
C,Common Stock Payments,2021-12-31,-7601000000.0
C,Net Issuance Payments Of Debt,2024-12-31,17166000000.0
C,Net Issuance Payments Of Debt,2023-12-31,-8779000000.0
C,Net Issuance Payments Of Debt,2022-12-31,66786000000.0
C,Net Issuance Payments Of Debt,2021-12-31,-5833000000.0
C,Net Short Term Debt Issuance,2024-12-31,11048000000.0
C,Net Short Term Debt Issuance,2023-12-31,-9639000000.0
C,Net Short Term Debt Issuance,2022-12-31,19123000000.0
C,Net Short Term Debt Issuance,2021-12-31,-1541000000.0
C,Net Long Term Debt Issuance,2024-12-31,6118000000.0
C,Net Long Term Debt Issuance,2023-12-31,860000000.0
C,Net Long Term Debt Issuance,2022-12-31,47663000000.0
C,Net Long Term Debt Issuance,2021-12-31,-4292000000.0
C,Long Term Debt Payments,2024-12-31,-92957000000.0
C,Long Term Debt Payments,2023-12-31,-64959000000.0
C,Long Term Debt Payments,2022-12-31,-57085000000.0
C,Long Term Debt Payments,2021-12-31,-74950000000.0
C,Long Term Debt Issuance,2024-12-31,99075000000.0
C,Long Term Debt Issuance,2023-12-31,65819000000.0
C,Long Term Debt Issuance,2022-12-31,104748000000.0
C,Long Term Debt Issuance,2021-12-31,70658000000.0
C,Investing Cash Flow,2024-12-31,86250000000.0
C,Investing Cash Flow,2023-12-31,-8459000000.0
C,Investing Cash Flow,2022-12-31,-79455000000.0
C,Investing Cash Flow,2021-12-31,-110746000000.0
C,Cash Flow From Continuing Investing Activities,2024-12-31,86250000000.0
C,Cash Flow From Continuing Investing Activities,2023-12-31,-8459000000.0
C,Cash Flow From Continuing Investing Activities,2022-12-31,-79455000000.0
C,Cash Flow From Continuing Investing Activities,2021-12-31,-110746000000.0
C,Net Other Investing Changes,2024-12-31,2512000000.0
C,Net Other Investing Changes,2023-12-31,835000000.0
C,Net Other Investing Changes,2022-12-31,-791000000.0
C,Net Other Investing Changes,2021-12-31,-1551000000.0
C,Net Investment Purchase And Sale,2024-12-31,34217000000.0
C,Net Investment Purchase And Sale,2023-12-31,18649000000.0
C,Net Investment Purchase And Sale,2022-12-31,-28841000000.0
C,Net Investment Purchase And Sale,2021-12-31,-74435000000.0
C,Sale Of Investment,2024-12-31,301641000000.0
C,Sale Of Investment,2023-12-31,255161000000.0
C,Sale Of Investment,2022-12-31,232809000000.0
C,Sale Of Investment,2021-12-31,267995000000.0
C,Purchase Of Investment,2024-12-31,-267424000000.0
C,Purchase Of Investment,2023-12-31,-236512000000.0
C,Purchase Of Investment,2022-12-31,-261650000000.0
C,Purchase Of Investment,2021-12-31,-342430000000.0
C,Net Business Purchase And Sale,2024-12-31,0.0
C,Net Business Purchase And Sale,2023-12-31,-1393000000.0
C,Net Business Purchase And Sale,2022-12-31,5741000000.0
C,Net Business Purchase And Sale,2021-12-31,0.0
C,Sale Of Business,2024-12-31,
C,Sale Of Business,2023-12-31,
C,Sale Of Business,2022-12-31,5741000000.0
C,Sale Of Business,2021-12-31,0.0
C,Purchase Of Business,2024-12-31,0.0
C,Purchase Of Business,2023-12-31,-1393000000.0
C,Purchase Of Business,2022-12-31,
C,Purchase Of Business,2021-12-31,
C,Net PPE Purchase And Sale,2024-12-31,222000000.0
C,Net PPE Purchase And Sale,2023-12-31,56000000.0
C,Net PPE Purchase And Sale,2022-12-31,63000000.0
C,Net PPE Purchase And Sale,2021-12-31,190000000.0
C,Sale Of PPE,2024-12-31,222000000.0
C,Sale Of PPE,2023-12-31,56000000.0
C,Sale Of PPE,2022-12-31,63000000.0
C,Sale Of PPE,2021-12-31,190000000.0
C,Capital Expenditure Reported,2024-12-31,-6500000000.0
C,Capital Expenditure Reported,2023-12-31,-6583000000.0
C,Capital Expenditure Reported,2022-12-31,-5632000000.0
C,Capital Expenditure Reported,2021-12-31,-4119000000.0
C,Operating Cash Flow,2024-12-31,-19669000000.0
C,Operating Cash Flow,2023-12-31,-73416000000.0
C,Operating Cash Flow,2022-12-31,25069000000.0
C,Operating Cash Flow,2021-12-31,47090000000.0
C,Cash Flow From Continuing Operating Activities,2024-12-31,-19669000000.0
C,Cash Flow From Continuing Operating Activities,2023-12-31,-73416000000.0
C,Cash Flow From Continuing Operating Activities,2022-12-31,25069000000.0
C,Cash Flow From Continuing Operating Activities,2021-12-31,47090000000.0
C,Change In Working Capital,2024-12-31,-59031000000.0
C,Change In Working Capital,2023-12-31,-99387000000.0
C,Change In Working Capital,2022-12-31,19553000000.0
C,Change In Working Capital,2021-12-31,38864000000.0
C,Change In Other Working Capital,2024-12-31,-46537000000.0
C,Change In Other Working Capital,2023-12-31,-98542000000.0
C,Change In Other Working Capital,2022-12-31,14781000000.0
C,Change In Other Working Capital,2021-12-31,37973000000.0
C,Change In Other Current Liabilities,2024-12-31,-7692000000.0
C,Change In Other Current Liabilities,2023-12-31,3587000000.0
C,Change In Other Current Liabilities,2022-12-31,5343000000.0
C,Change In Other Current Liabilities,2021-12-31,6839000000.0
C,Change In Other Current Assets,2024-12-31,-4026000000.0
C,Change In Other Current Assets,2023-12-31,-6361000000.0
C,Change In Other Current Assets,2022-12-31,-4992000000.0
C,Change In Other Current Assets,2021-12-31,-2139000000.0
C,Other Non Cash Items,2024-12-31,14051000000.0
C,Other Non Cash Items,2023-12-31,6739000000.0
C,Other Non Cash Items,2022-12-31,-18125000000.0
C,Other Non Cash Items,2021-12-31,-15559000000.0
C,Asset Impairment Charge,2024-12-31,0.0
C,Asset Impairment Charge,2023-12-31,0.0
C,Asset Impairment Charge,2022-12-31,535000000.0
C,Asset Impairment Charge,2021-12-31,0.0
C,Deferred Tax,2024-12-31,-1896000000.0
C,Deferred Tax,2023-12-31,-2416000000.0
C,Deferred Tax,2022-12-31,-1141000000.0
C,Deferred Tax,2021-12-31,1413000000.0
C,Deferred Income Tax,2024-12-31,-1896000000.0
C,Deferred Income Tax,2023-12-31,-2416000000.0
C,Deferred Income Tax,2022-12-31,-1141000000.0
C,Deferred Income Tax,2021-12-31,1413000000.0
C,Depreciation Amortization Depletion,2024-12-31,4311000000.0
C,Depreciation Amortization Depletion,2023-12-31,4560000000.0
C,Depreciation Amortization Depletion,2022-12-31,4262000000.0
C,Depreciation Amortization Depletion,2021-12-31,3964000000.0
C,Depreciation And Amortization,2024-12-31,4311000000.0
C,Depreciation And Amortization,2023-12-31,4560000000.0
C,Depreciation And Amortization,2022-12-31,4262000000.0
C,Depreciation And Amortization,2021-12-31,3964000000.0
C,Operating Gains Losses,2024-12-31,103000000.0
C,Operating Gains Losses,2023-12-31,-1327000000.0
C,Operating Gains Losses,2022-12-31,-330000000.0
C,Operating Gains Losses,2021-12-31,241000000.0
C,Gain Loss On Investment Securities,2024-12-31,-328000000.0
C,Gain Loss On Investment Securities,2023-12-31,-188000000.0
C,Gain Loss On Investment Securities,2022-12-31,-67000000.0
C,Gain Loss On Investment Securities,2021-12-31,-665000000.0
C,Gain Loss On Sale Of Business,2024-12-31,0.0
C,Gain Loss On Sale Of Business,2023-12-31,-1462000000.0
C,Gain Loss On Sale Of Business,2022-12-31,-762000000.0
C,Gain Loss On Sale Of Business,2021-12-31,700000000.0
C,Net Income From Continuing Operations,2024-12-31,12684000000.0
C,Net Income From Continuing Operations,2023-12-31,9229000000.0
C,Net Income From Continuing Operations,2022-12-31,15076000000.0
C,Net Income From Continuing Operations,2021-12-31,21945000000.0
F,Free Cash Flow,2025-12-31,12467000000.0
F,Free Cash Flow,2024-12-31,6739000000.0
F,Free Cash Flow,2023-12-31,6682000000.0
F,Free Cash Flow,2022-12-31,-13000000.0
F,Free Cash Flow,2021-12-31,
F,Repurchase Of Capital Stock,2025-12-31,0.0
F,Repurchase Of Capital Stock,2024-12-31,-426000000.0
F,Repurchase Of Capital Stock,2023-12-31,-335000000.0
F,Repurchase Of Capital Stock,2022-12-31,-484000000.0
F,Repurchase Of Capital Stock,2021-12-31,
F,Repayment Of Debt,2025-12-31,-50303000000.0
F,Repayment Of Debt,2024-12-31,-45680000000.0
F,Repayment Of Debt,2023-12-31,-41965000000.0
F,Repayment Of Debt,2022-12-31,-45655000000.0
F,Repayment Of Debt,2021-12-31,
F,Issuance Of Debt,2025-12-31,49688000000.0
F,Issuance Of Debt,2024-12-31,57312000000.0
F,Issuance Of Debt,2023-12-31,51659000000.0
F,Issuance Of Debt,2022-12-31,45470000000.0
F,Issuance Of Debt,2021-12-31,
F,Capital Expenditure,2025-12-31,-8815000000.0
F,Capital Expenditure,2024-12-31,-8684000000.0
F,Capital Expenditure,2023-12-31,-8236000000.0
F,Capital Expenditure,2022-12-31,-6866000000.0
F,Capital Expenditure,2021-12-31,
F,End Cash Position,2025-12-31,23750000000.0
F,End Cash Position,2024-12-31,23190000000.0
F,End Cash Position,2023-12-31,25110000000.0
F,End Cash Position,2022-12-31,25340000000.0
F,End Cash Position,2021-12-31,
F,Beginning Cash Position,2025-12-31,23190000000.0
F,Beginning Cash Position,2024-12-31,25110000000.0
F,Beginning Cash Position,2023-12-31,25340000000.0
F,Beginning Cash Position,2022-12-31,20737000000.0
F,Beginning Cash Position,2021-12-31,
F,Effect Of Exchange Rate Changes,2025-12-31,532000000.0
F,Effect Of Exchange Rate Changes,2024-12-31,-458000000.0
F,Effect Of Exchange Rate Changes,2023-12-31,-104000000.0
F,Effect Of Exchange Rate Changes,2022-12-31,-414000000.0
F,Effect Of Exchange Rate Changes,2021-12-31,
F,Changes In Cash,2025-12-31,28000000.0
F,Changes In Cash,2024-12-31,-1462000000.0
F,Changes In Cash,2023-12-31,-126000000.0
F,Changes In Cash,2022-12-31,5017000000.0
F,Changes In Cash,2021-12-31,
F,Financing Cash Flow,2025-12-31,-3205000000.0
F,Financing Cash Flow,2024-12-31,7485000000.0
F,Financing Cash Flow,2023-12-31,2584000000.0
F,Financing Cash Flow,2022-12-31,2511000000.0
F,Financing Cash Flow,2021-12-31,
F,Cash Flow From Continuing Financing Activities,2025-12-31,-3205000000.0
F,Cash Flow From Continuing Financing Activities,2024-12-31,7485000000.0
F,Cash Flow From Continuing Financing Activities,2023-12-31,2584000000.0
F,Cash Flow From Continuing Financing Activities,2022-12-31,2511000000.0
F,Cash Flow From Continuing Financing Activities,2021-12-31,
F,Net Other Financing Charges,2025-12-31,-255000000.0
F,Net Other Financing Charges,2024-12-31,-327000000.0
F,Net Other Financing Charges,2023-12-31,-241000000.0
F,Net Other Financing Charges,2022-12-31,-271000000.0
F,Net Other Financing Charges,2021-12-31,
F,Cash Dividends Paid,2025-12-31,-2989000000.0
F,Cash Dividends Paid,2024-12-31,-3118000000.0
F,Cash Dividends Paid,2023-12-31,-4995000000.0
F,Cash Dividends Paid,2022-12-31,-2009000000.0
F,Cash Dividends Paid,2021-12-31,
F,Common Stock Dividend Paid,2025-12-31,-2989000000.0
F,Common Stock Dividend Paid,2024-12-31,-3118000000.0
F,Common Stock Dividend Paid,2023-12-31,-4995000000.0
F,Common Stock Dividend Paid,2022-12-31,-2009000000.0
F,Common Stock Dividend Paid,2021-12-31,
F,Net Common Stock Issuance,2025-12-31,0.0
F,Net Common Stock Issuance,2024-12-31,-426000000.0
F,Net Common Stock Issuance,2023-12-31,-335000000.0
F,Net Common Stock Issuance,2022-12-31,-484000000.0
F,Net Common Stock Issuance,2021-12-31,
F,Common Stock Payments,2025-12-31,0.0
F,Common Stock Payments,2024-12-31,-426000000.0
F,Common Stock Payments,2023-12-31,-335000000.0
F,Common Stock Payments,2022-12-31,-484000000.0
F,Common Stock Payments,2021-12-31,
F,Net Issuance Payments Of Debt,2025-12-31,39000000.0
F,Net Issuance Payments Of Debt,2024-12-31,11356000000.0
F,Net Issuance Payments Of Debt,2023-12-31,8155000000.0
F,Net Issuance Payments Of Debt,2022-12-31,5275000000.0
F,Net Issuance Payments Of Debt,2021-12-31,
F,Net Short Term Debt Issuance,2025-12-31,654000000.0
F,Net Short Term Debt Issuance,2024-12-31,-276000000.0
F,Net Short Term Debt Issuance,2023-12-31,-1539000000.0
F,Net Short Term Debt Issuance,2022-12-31,5460000000.0
F,Net Short Term Debt Issuance,2021-12-31,
F,Net Long Term Debt Issuance,2025-12-31,-615000000.0
F,Net Long Term Debt Issuance,2024-12-31,11632000000.0
F,Net Long Term Debt Issuance,2023-12-31,9694000000.0
F,Net Long Term Debt Issuance,2022-12-31,-185000000.0
F,Net Long Term Debt Issuance,2021-12-31,
F,Long Term Debt Payments,2025-12-31,-50303000000.0
F,Long Term Debt Payments,2024-12-31,-45680000000.0
F,Long Term Debt Payments,2023-12-31,-41965000000.0
F,Long Term Debt Payments,2022-12-31,-45655000000.0
F,Long Term Debt Payments,2021-12-31,
F,Long Term Debt Issuance,2025-12-31,49688000000.0
F,Long Term Debt Issuance,2024-12-31,57312000000.0
F,Long Term Debt Issuance,2023-12-31,51659000000.0
F,Long Term Debt Issuance,2022-12-31,45470000000.0
F,Long Term Debt Issuance,2021-12-31,
F,Investing Cash Flow,2025-12-31,-18049000000.0
F,Investing Cash Flow,2024-12-31,-24370000000.0
F,Investing Cash Flow,2023-12-31,-17628000000.0
F,Investing Cash Flow,2022-12-31,-4347000000.0
F,Investing Cash Flow,2021-12-31,
F,Cash Flow From Continuing Investing Activities,2025-12-31,-18049000000.0
F,Cash Flow From Continuing Investing Activities,2024-12-31,-24370000000.0
F,Cash Flow From Continuing Investing Activities,2023-12-31,-17628000000.0
F,Cash Flow From Continuing Investing Activities,2022-12-31,-4347000000.0
F,Cash Flow From Continuing Investing Activities,2021-12-31,
F,Net Other Investing Changes,2025-12-31,-9927000000.0
F,Net Other Investing Changes,2024-12-31,-14606000000.0
F,Net Other Investing Changes,2023-12-31,-10632000000.0
F,Net Other Investing Changes,2022-12-31,1055000000.0
F,Net Other Investing Changes,2021-12-31,
F,Net Investment Purchase And Sale,2025-12-31,163000000.0
F,Net Investment Purchase And Sale,2024-12-31,-222000000.0
F,Net Investment Purchase And Sale,2023-12-31,3972000000.0
F,Net Investment Purchase And Sale,2022-12-31,1753000000.0
F,Net Investment Purchase And Sale,2021-12-31,
F,Sale Of Investment,2025-12-31,10063000000.0
F,Sale Of Investment,2024-12-31,12346000000.0
F,Sale Of Investment,2023-12-31,12700000000.0
F,Sale Of Investment,2022-12-31,19211000000.0
F,Sale Of Investment,2021-12-31,
F,Purchase Of Investment,2025-12-31,-9900000000.0
F,Purchase Of Investment,2024-12-31,-12568000000.0
F,Purchase Of Investment,2023-12-31,-8728000000.0
F,Purchase Of Investment,2022-12-31,-17458000000.0
F,Purchase Of Investment,2021-12-31,
F,Net Business Purchase And Sale,2025-12-31,530000000.0
F,Net Business Purchase And Sale,2024-12-31,-858000000.0
F,Net Business Purchase And Sale,2023-12-31,-2732000000.0
F,Net Business Purchase And Sale,2022-12-31,-289000000.0
F,Net Business Purchase And Sale,2021-12-31,
F,Sale Of Business,2025-12-31,1702000000.0
F,Sale Of Business,2024-12-31,1465000000.0
F,Sale Of Business,2023-12-31,1000000.0
F,Sale Of Business,2022-12-31,449000000.0
F,Sale Of Business,2021-12-31,
F,Purchase Of Business,2025-12-31,-1172000000.0
F,Purchase Of Business,2024-12-31,-2323000000.0
F,Purchase Of Business,2023-12-31,-2733000000.0
F,Purchase Of Business,2022-12-31,-738000000.0
F,Purchase Of Business,2021-12-31,
F,Capital Expenditure Reported,2025-12-31,-8815000000.0
F,Capital Expenditure Reported,2024-12-31,-8684000000.0
F,Capital Expenditure Reported,2023-12-31,-8236000000.0
F,Capital Expenditure Reported,2022-12-31,-6866000000.0
F,Capital Expenditure Reported,2021-12-31,
F,Operating Cash Flow,2025-12-31,21282000000.0
F,Operating Cash Flow,2024-12-31,15423000000.0
F,Operating Cash Flow,2023-12-31,14918000000.0
F,Operating Cash Flow,2022-12-31,6853000000.0
F,Operating Cash Flow,2021-12-31,
F,Cash Flow From Continuing Operating Activities,2025-12-31,21282000000.0
F,Cash Flow From Continuing Operating Activities,2024-12-31,15423000000.0
F,Cash Flow From Continuing Operating Activities,2023-12-31,14918000000.0
F,Cash Flow From Continuing Operating Activities,2022-12-31,6853000000.0
F,Cash Flow From Continuing Operating Activities,2021-12-31,
F,Dividend Received Cfo,2025-12-31,
F,Dividend Received Cfo,2024-12-31,
F,Dividend Received Cfo,2023-12-31,-33000000.0
F,Dividend Received Cfo,2022-12-31,3324000000.0
F,Dividend Received Cfo,2021-12-31,116000000.0
F,Dividend Paid Cfo,2025-12-31,
F,Dividend Paid Cfo,2024-12-31,
F,Dividend Paid Cfo,2023-12-31,-33000000.0
F,Dividend Paid Cfo,2022-12-31,
F,Dividend Paid Cfo,2021-12-31,
F,Change In Working Capital,2025-12-31,12843000000.0
F,Change In Working Capital,2024-12-31,1656000000.0
F,Change In Working Capital,2023-12-31,1163000000.0
F,Change In Working Capital,2022-12-31,-7051000000.0
F,Change In Working Capital,2021-12-31,
F,Change In Payables And Accrued Expense,2025-12-31,10103000000.0
F,Change In Payables And Accrued Expense,2024-12-31,8425000000.0
F,Change In Payables And Accrued Expense,2023-12-31,9829000000.0
F,Change In Payables And Accrued Expense,2022-12-31,7268000000.0
F,Change In Payables And Accrued Expense,2021-12-31,
F,Change In Payable,2025-12-31,
F,Change In Payable,2024-12-31,
F,Change In Payable,2023-12-31,
F,Change In Payable,2022-12-31,
F,Change In Payable,2021-12-31,-36000000.0
F,Change In Account Payable,2025-12-31,
F,Change In Account Payable,2024-12-31,
F,Change In Account Payable,2023-12-31,
F,Change In Account Payable,2022-12-31,
F,Change In Account Payable,2021-12-31,-36000000.0
F,Change In Inventory,2025-12-31,539000000.0
F,Change In Inventory,2024-12-31,27000000.0
F,Change In Inventory,2023-12-31,-1219000000.0
F,Change In Inventory,2022-12-31,-2576000000.0
F,Change In Inventory,2021-12-31,
F,Change In Receivables,2025-12-31,2201000000.0
F,Change In Receivables,2024-12-31,-6796000000.0
F,Change In Receivables,2023-12-31,-7447000000.0
F,Change In Receivables,2022-12-31,-11743000000.0
F,Change In Receivables,2021-12-31,
F,Changes In Account Receivables,2025-12-31,2201000000.0
F,Changes In Account Receivables,2024-12-31,-6796000000.0
F,Changes In Account Receivables,2023-12-31,-7447000000.0
F,Changes In Account Receivables,2022-12-31,-11743000000.0
F,Changes In Account Receivables,2021-12-31,
F,Other Non Cash Items,2025-12-31,380000000.0
F,Other Non Cash Items,2024-12-31,439000000.0
F,Other Non Cash Items,2023-12-31,664000000.0
F,Other Non Cash Items,2022-12-31,654000000.0
F,Other Non Cash Items,2021-12-31,
F,Stock Based Compensation,2025-12-31,510000000.0
F,Stock Based Compensation,2024-12-31,511000000.0
F,Stock Based Compensation,2023-12-31,460000000.0
F,Stock Based Compensation,2022-12-31,336000000.0
F,Stock Based Compensation,2021-12-31,
F,Provisionand Write Offof Assets,2025-12-31,616000000.0
F,Provisionand Write Offof Assets,2024-12-31,575000000.0
F,Provisionand Write Offof Assets,2023-12-31,438000000.0
F,Provisionand Write Offof Assets,2022-12-31,46000000.0
F,Provisionand Write Offof Assets,2021-12-31,
F,Asset Impairment Charge,2025-12-31,1295000000.0
F,Asset Impairment Charge,2024-12-31,0.0
F,Asset Impairment Charge,2023-12-31,0.0
F,Asset Impairment Charge,2022-12-31,32000000.0
F,Asset Impairment Charge,2021-12-31,
F,Deferred Tax,2025-12-31,-4536000000.0
F,Deferred Tax,2024-12-31,350000000.0
F,Deferred Tax,2023-12-31,-1649000000.0
F,Deferred Tax,2022-12-31,-1910000000.0
F,Deferred Tax,2021-12-31,
F,Deferred Income Tax,2025-12-31,-4536000000.0
F,Deferred Income Tax,2024-12-31,350000000.0
F,Deferred Income Tax,2023-12-31,-1649000000.0
F,Deferred Income Tax,2022-12-31,-1910000000.0
F,Deferred Income Tax,2021-12-31,
F,Depreciation Amortization Depletion,2025-12-31,14135000000.0
F,Depreciation Amortization Depletion,2024-12-31,5867000000.0
F,Depreciation Amortization Depletion,2023-12-31,6523000000.0
F,Depreciation Amortization Depletion,2022-12-31,6493000000.0
F,Depreciation Amortization Depletion,2021-12-31,
F,Depreciation And Amortization,2025-12-31,14135000000.0
F,Depreciation And Amortization,2024-12-31,5867000000.0
F,Depreciation And Amortization,2023-12-31,6523000000.0
F,Depreciation And Amortization,2022-12-31,6493000000.0
F,Depreciation And Amortization,2021-12-31,
F,Amortization Cash Flow,2025-12-31,-1839000000.0
F,Amortization Cash Flow,2024-12-31,-1700000000.0
F,Amortization Cash Flow,2023-12-31,-1167000000.0
F,Amortization Cash Flow,2022-12-31,-1149000000.0
F,Amortization Cash Flow,2021-12-31,
F,Amortization Of Intangibles,2025-12-31,-1839000000.0
F,Amortization Of Intangibles,2024-12-31,-1700000000.0
F,Amortization Of Intangibles,2023-12-31,-1167000000.0
F,Amortization Of Intangibles,2022-12-31,-1149000000.0
F,Amortization Of Intangibles,2021-12-31,
F,Depreciation,2025-12-31,15974000000.0
F,Depreciation,2024-12-31,7567000000.0
F,Depreciation,2023-12-31,7690000000.0
F,Depreciation,2022-12-31,7642000000.0
F,Depreciation,2021-12-31,
F,Operating Gains Losses,2025-12-31,4201000000.0
F,Operating Gains Losses,2024-12-31,131000000.0
F,Operating Gains Losses,2023-12-31,2990000000.0
F,Operating Gains Losses,2022-12-31,10437000000.0
F,Operating Gains Losses,2021-12-31,
F,Pension And Employee Benefit Expense,2025-12-31,1062000000.0
F,Pension And Employee Benefit Expense,2024-12-31,149000000.0
F,Pension And Employee Benefit Expense,2023-12-31,3052000000.0
F,Pension And Employee Benefit Expense,2022-12-31,-378000000.0
F,Pension And Employee Benefit Expense,2021-12-31,
F,Earnings Losses From Equity Investments,2025-12-31,3572000000.0
F,Earnings Losses From Equity Investments,2024-12-31,-287000000.0
F,Earnings Losses From Equity Investments,2023-12-31,-33000000.0
F,Earnings Losses From Equity Investments,2022-12-31,3324000000.0
F,Earnings Losses From Equity Investments,2021-12-31,
F,Gain Loss On Investment Securities,2025-12-31,-346000000.0
F,Gain Loss On Investment Securities,2024-12-31,42000000.0
F,Gain Loss On Investment Securities,2023-12-31,205000000.0
F,Gain Loss On Investment Securities,2022-12-31,7518000000.0
F,Gain Loss On Investment Securities,2021-12-31,
F,Net Foreign Currency Exchange Gain Loss,2025-12-31,-87000000.0
F,Net Foreign Currency Exchange Gain Loss,2024-12-31,227000000.0
F,Net Foreign Currency Exchange Gain Loss,2023-12-31,-234000000.0
F,Net Foreign Currency Exchange Gain Loss,2022-12-31,-27000000.0
F,Net Foreign Currency Exchange Gain Loss,2021-12-31,
F,Gain Loss On Sale Of Business,2025-12-31,
F,Gain Loss On Sale Of Business,2024-12-31,
F,Gain Loss On Sale Of Business,2023-12-31,
F,Gain Loss On Sale Of Business,2022-12-31,
F,Gain Loss On Sale Of Business,2021-12-31,-368000000.0
F,Net Income From Continuing Operations,2025-12-31,-8162000000.0
F,Net Income From Continuing Operations,2024-12-31,5894000000.0
F,Net Income From Continuing Operations,2023-12-31,4329000000.0
F,Net Income From Continuing Operations,2022-12-31,-2152000000.0
F,Net Income From Continuing Operations,2021-12-31,
JPM,Free Cash Flow,2025-12-31,-147782000000.0
JPM,Free Cash Flow,2024-12-31,-42012000000.0
JPM,Free Cash Flow,2023-12-31,12974000000.0
JPM,Free Cash Flow,2022-12-31,107119000000.0
JPM,Free Cash Flow,2021-12-31,
JPM,Repurchase Of Capital Stock,2025-12-31,-34591000000.0
JPM,Repurchase Of Capital Stock,2024-12-31,-28680000000.0
JPM,Repurchase Of Capital Stock,2023-12-31,-9824000000.0
JPM,Repurchase Of Capital Stock,2022-12-31,-10596000000.0
JPM,Repurchase Of Capital Stock,2021-12-31,
JPM,Repayment Of Debt,2025-12-31,-108100000000.0
JPM,Repayment Of Debt,2024-12-31,-96605000000.0
JPM,Repayment Of Debt,2023-12-31,-64880000000.0
JPM,Repayment Of Debt,2022-12-31,-45556000000.0
JPM,Repayment Of Debt,2021-12-31,
JPM,Issuance Of Debt,2025-12-31,120761000000.0
JPM,Issuance Of Debt,2024-12-31,109915000000.0
JPM,Issuance Of Debt,2023-12-31,75417000000.0
JPM,Issuance Of Debt,2022-12-31,78442000000.0
JPM,Issuance Of Debt,2021-12-31,
JPM,Issuance Of Capital Stock,2025-12-31,3000000000.0
JPM,Issuance Of Capital Stock,2024-12-31,2500000000.0
JPM,Issuance Of Capital Stock,2023-12-31,0.0
JPM,Issuance Of Capital Stock,2022-12-31,0.0
JPM,Issuance Of Capital Stock,2021-12-31,
JPM,Interest Paid Supplemental Data,2025-12-31,96436000000.0
JPM,Interest Paid Supplemental Data,2024-12-31,99642000000.0
JPM,Interest Paid Supplemental Data,2023-12-31,77114000000.0
JPM,Interest Paid Supplemental Data,2022-12-31,23143000000.0
JPM,Interest Paid Supplemental Data,2021-12-31,
JPM,Income Tax Paid Supplemental Data,2025-12-31,5309000000.0
JPM,Income Tax Paid Supplemental Data,2024-12-31,11715000000.0
JPM,Income Tax Paid Supplemental Data,2023-12-31,9908000000.0
JPM,Income Tax Paid Supplemental Data,2022-12-31,4355000000.0
JPM,Income Tax Paid Supplemental Data,2021-12-31,
JPM,End Cash Position,2025-12-31,343338000000.0
JPM,End Cash Position,2024-12-31,469317000000.0
JPM,End Cash Position,2023-12-31,624151000000.0
JPM,End Cash Position,2022-12-31,567234000000.0
JPM,End Cash Position,2021-12-31,
JPM,Beginning Cash Position,2025-12-31,469317000000.0
JPM,Beginning Cash Position,2024-12-31,624151000000.0
JPM,Beginning Cash Position,2023-12-31,567234000000.0
JPM,Beginning Cash Position,2022-12-31,740834000000.0
JPM,Beginning Cash Position,2021-12-31,
JPM,Effect Of Exchange Rate Changes,2025-12-31,17835000000.0
JPM,Effect Of Exchange Rate Changes,2024-12-31,-12866000000.0
JPM,Effect Of Exchange Rate Changes,2023-12-31,1871000000.0
JPM,Effect Of Exchange Rate Changes,2022-12-31,-16643000000.0
JPM,Effect Of Exchange Rate Changes,2021-12-31,
JPM,Changes In Cash,2025-12-31,-143814000000.0
JPM,Changes In Cash,2024-12-31,-141968000000.0
JPM,Changes In Cash,2023-12-31,55046000000.0
JPM,Changes In Cash,2022-12-31,-156957000000.0
JPM,Changes In Cash,2021-12-31,
JPM,Financing Cash Flow,2025-12-31,269533000000.0
JPM,Financing Cash Flow,2024-12-31,63447000000.0
JPM,Financing Cash Flow,2023-12-31,-25571000000.0
JPM,Financing Cash Flow,2022-12-31,-126257000000.0
JPM,Financing Cash Flow,2021-12-31,
JPM,Cash Flow From Continuing Financing Activities,2025-12-31,269533000000.0
JPM,Cash Flow From Continuing Financing Activities,2024-12-31,63447000000.0
JPM,Cash Flow From Continuing Financing Activities,2023-12-31,-25571000000.0
JPM,Cash Flow From Continuing Financing Activities,2022-12-31,-126257000000.0
JPM,Cash Flow From Continuing Financing Activities,2021-12-31,
JPM,Net Other Financing Charges,2025-12-31,-3037000000.0
JPM,Net Other Financing Charges,2024-12-31,74000000.0
JPM,Net Other Financing Charges,2023-12-31,7508000000.0
JPM,Net Other Financing Charges,2022-12-31,2439000000.0
JPM,Net Other Financing Charges,2021-12-31,
JPM,Cash Dividends Paid,2025-12-31,-16625000000.0
JPM,Cash Dividends Paid,2024-12-31,-14783000000.0
JPM,Cash Dividends Paid,2023-12-31,-13463000000.0
JPM,Cash Dividends Paid,2022-12-31,-13562000000.0
JPM,Cash Dividends Paid,2021-12-31,
JPM,Net Preferred Stock Issuance,2025-12-31,0.0
JPM,Net Preferred Stock Issuance,2024-12-31,-7350000000.0
JPM,Net Preferred Stock Issuance,2023-12-31,0.0
JPM,Net Preferred Stock Issuance,2022-12-31,-7434000000.0
JPM,Net Preferred Stock Issuance,2021-12-31,
JPM,Preferred Stock Payments,2025-12-31,-3000000000.0
JPM,Preferred Stock Payments,2024-12-31,-9850000000.0
JPM,Preferred Stock Payments,2023-12-31,0.0
JPM,Preferred Stock Payments,2022-12-31,-7434000000.0
JPM,Preferred Stock Payments,2021-12-31,
JPM,Preferred Stock Issuance,2025-12-31,3000000000.0
JPM,Preferred Stock Issuance,2024-12-31,2500000000.0
JPM,Preferred Stock Issuance,2023-12-31,0.0
JPM,Preferred Stock Issuance,2022-12-31,0.0
JPM,Preferred Stock Issuance,2021-12-31,
JPM,Net Common Stock Issuance,2025-12-31,-31591000000.0
JPM,Net Common Stock Issuance,2024-12-31,-18830000000.0
JPM,Net Common Stock Issuance,2023-12-31,-9824000000.0
JPM,Net Common Stock Issuance,2022-12-31,-3162000000.0
JPM,Net Common Stock Issuance,2021-12-31,
JPM,Common Stock Payments,2025-12-31,-31591000000.0
JPM,Common Stock Payments,2024-12-31,-18830000000.0
JPM,Common Stock Payments,2023-12-31,-9824000000.0
JPM,Common Stock Payments,2022-12-31,-3162000000.0
JPM,Common Stock Payments,2021-12-31,
JPM,Net Issuance Payments Of Debt,2025-12-31,22083000000.0
JPM,Net Issuance Payments Of Debt,2024-12-31,20749000000.0
JPM,Net Issuance Payments Of Debt,2023-12-31,8603000000.0
JPM,Net Issuance Payments Of Debt,2022-12-31,23902000000.0
JPM,Net Issuance Payments Of Debt,2021-12-31,
JPM,Net Short Term Debt Issuance,2025-12-31,9422000000.0
JPM,Net Short Term Debt Issuance,2024-12-31,7439000000.0
JPM,Net Short Term Debt Issuance,2023-12-31,-1934000000.0
JPM,Net Short Term Debt Issuance,2022-12-31,-8984000000.0
JPM,Net Short Term Debt Issuance,2021-12-31,
JPM,Net Long Term Debt Issuance,2025-12-31,12661000000.0
JPM,Net Long Term Debt Issuance,2024-12-31,13310000000.0
JPM,Net Long Term Debt Issuance,2023-12-31,10537000000.0
JPM,Net Long Term Debt Issuance,2022-12-31,32886000000.0
JPM,Net Long Term Debt Issuance,2021-12-31,
JPM,Long Term Debt Payments,2025-12-31,-108100000000.0
JPM,Long Term Debt Payments,2024-12-31,-96605000000.0
JPM,Long Term Debt Payments,2023-12-31,-64880000000.0
JPM,Long Term Debt Payments,2022-12-31,-45556000000.0
JPM,Long Term Debt Payments,2021-12-31,
JPM,Long Term Debt Issuance,2025-12-31,120761000000.0
JPM,Long Term Debt Issuance,2024-12-31,109915000000.0
JPM,Long Term Debt Issuance,2023-12-31,75417000000.0
JPM,Long Term Debt Issuance,2022-12-31,78442000000.0
JPM,Long Term Debt Issuance,2021-12-31,
JPM,Investing Cash Flow,2025-12-31,-265565000000.0
JPM,Investing Cash Flow,2024-12-31,-163403000000.0
JPM,Investing Cash Flow,2023-12-31,67643000000.0
JPM,Investing Cash Flow,2022-12-31,-137819000000.0
JPM,Investing Cash Flow,2021-12-31,
JPM,Cash Flow From Continuing Investing Activities,2025-12-31,-265565000000.0
JPM,Cash Flow From Continuing Investing Activities,2024-12-31,-163403000000.0
JPM,Cash Flow From Continuing Investing Activities,2023-12-31,67643000000.0
JPM,Cash Flow From Continuing Investing Activities,2022-12-31,-137819000000.0
JPM,Cash Flow From Continuing Investing Activities,2021-12-31,
JPM,Net Other Investing Changes,2025-12-31,-12665000000.0
JPM,Net Other Investing Changes,2024-12-31,-2146000000.0
JPM,Net Other Investing Changes,2023-12-31,-16740000000.0
JPM,Net Other Investing Changes,2022-12-31,-11932000000.0
JPM,Net Other Investing Changes,2021-12-31,
JPM,Net Investment Purchase And Sale,2025-12-31,-80704000000.0
JPM,Net Investment Purchase And Sale,2024-12-31,-114934000000.0
JPM,Net Investment Purchase And Sale,2023-12-31,95594000000.0
JPM,Net Investment Purchase And Sale,2022-12-31,12467000000.0
JPM,Net Investment Purchase And Sale,2021-12-31,
JPM,Sale Of Investment,2025-12-31,233500000000.0
JPM,Sale Of Investment,2024-12-31,242487000000.0
JPM,Sale Of Investment,2023-12-31,215234000000.0
JPM,Sale Of Investment,2022-12-31,172401000000.0
JPM,Sale Of Investment,2021-12-31,
JPM,Purchase Of Investment,2025-12-31,-314204000000.0
JPM,Purchase Of Investment,2024-12-31,-357421000000.0
JPM,Purchase Of Investment,2023-12-31,-119640000000.0
JPM,Purchase Of Investment,2022-12-31,-159934000000.0
JPM,Purchase Of Investment,2021-12-31,
JPM,Net Business Purchase And Sale,2025-12-31,0.0
JPM,Net Business Purchase And Sale,2024-12-31,-2362000000.0
JPM,Net Business Purchase And Sale,2023-12-31,-9920000000.0
JPM,Net Business Purchase And Sale,2022-12-31,0.0
JPM,Net Business Purchase And Sale,2021-12-31,
JPM,Purchase Of Business,2025-12-31,0.0
JPM,Purchase Of Business,2024-12-31,-2362000000.0
JPM,Purchase Of Business,2023-12-31,-9920000000.0
JPM,Purchase Of Business,2022-12-31,0.0
JPM,Purchase Of Business,2021-12-31,
JPM,Operating Cash Flow,2025-12-31,-147782000000.0
JPM,Operating Cash Flow,2024-12-31,-42012000000.0
JPM,Operating Cash Flow,2023-12-31,12974000000.0
JPM,Operating Cash Flow,2022-12-31,107119000000.0
JPM,Operating Cash Flow,2021-12-31,
JPM,Cash Flow From Continuing Operating Activities,2025-12-31,-147782000000.0
JPM,Cash Flow From Continuing Operating Activities,2024-12-31,-42012000000.0
JPM,Cash Flow From Continuing Operating Activities,2023-12-31,12974000000.0
JPM,Cash Flow From Continuing Operating Activities,2022-12-31,107119000000.0
JPM,Cash Flow From Continuing Operating Activities,2021-12-31,
JPM,Change In Working Capital,2025-12-31,-218801000000.0
JPM,Change In Working Capital,2024-12-31,-114220000000.0
JPM,Change In Working Capital,2023-12-31,-56168000000.0
JPM,Change In Working Capital,2022-12-31,32686000000.0
JPM,Change In Working Capital,2021-12-31,
JPM,Change In Other Working Capital,2025-12-31,-199975000000.0
JPM,Change In Other Working Capital,2024-12-31,-112215000000.0
JPM,Change In Other Working Capital,2023-12-31,-83678000000.0
JPM,Change In Other Working Capital,2022-12-31,-76000000.0
JPM,Change In Other Working Capital,2021-12-31,
JPM,Change In Other Current Assets,2025-12-31,-12582000000.0
JPM,Change In Other Current Assets,2024-12-31,-7650000000.0
JPM,Change In Other Current Assets,2023-12-31,32970000000.0
JPM,Change In Other Current Assets,2022-12-31,-2882000000.0
JPM,Change In Other Current Assets,2021-12-31,
JPM,Change In Payables And Accrued Expense,2025-12-31,5270000000.0
JPM,Change In Payables And Accrued Expense,2024-12-31,-90000000.0
JPM,Change In Payables And Accrued Expense,2023-12-31,-25388000000.0
JPM,Change In Payables And Accrued Expense,2022-12-31,58614000000.0
JPM,Change In Payables And Accrued Expense,2021-12-31,
JPM,Change In Payable,2025-12-31,5270000000.0
JPM,Change In Payable,2024-12-31,-90000000.0
JPM,Change In Payable,2023-12-31,-25388000000.0
JPM,Change In Payable,2022-12-31,58614000000.0
JPM,Change In Payable,2021-12-31,
JPM,Change In Account Payable,2025-12-31,5270000000.0
JPM,Change In Account Payable,2024-12-31,-90000000.0
JPM,Change In Account Payable,2023-12-31,-25388000000.0
JPM,Change In Account Payable,2022-12-31,58614000000.0
JPM,Change In Account Payable,2021-12-31,
JPM,Change In Receivables,2025-12-31,-11514000000.0
JPM,Change In Receivables,2024-12-31,5735000000.0
JPM,Change In Receivables,2023-12-31,19928000000.0
JPM,Change In Receivables,2022-12-31,-22970000000.0
JPM,Change In Receivables,2021-12-31,
JPM,Changes In Account Receivables,2025-12-31,-11514000000.0
JPM,Changes In Account Receivables,2024-12-31,5735000000.0
JPM,Changes In Account Receivables,2023-12-31,19928000000.0
JPM,Changes In Account Receivables,2022-12-31,-22970000000.0
JPM,Changes In Account Receivables,2021-12-31,
JPM,Other Non Cash Items,2025-12-31,-14673000000.0
JPM,Other Non Cash Items,2024-12-31,1107000000.0
JPM,Other Non Cash Items,2023-12-31,7292000000.0
JPM,Other Non Cash Items,2022-12-31,26055000000.0
JPM,Other Non Cash Items,2021-12-31,
JPM,Deferred Tax,2025-12-31,5611000000.0
JPM,Deferred Tax,2024-12-31,2004000000.0
JPM,Deferred Tax,2023-12-31,-4534000000.0
JPM,Deferred Tax,2022-12-31,-2738000000.0
JPM,Deferred Tax,2021-12-31,
JPM,Deferred Income Tax,2025-12-31,5611000000.0
JPM,Deferred Income Tax,2024-12-31,2004000000.0
JPM,Deferred Income Tax,2023-12-31,-4534000000.0
JPM,Deferred Income Tax,2022-12-31,-2738000000.0
JPM,Deferred Income Tax,2021-12-31,
JPM,Depreciation Amortization Depletion,2025-12-31,8821000000.0
JPM,Depreciation Amortization Depletion,2024-12-31,7938000000.0
JPM,Depreciation Amortization Depletion,2023-12-31,7512000000.0
JPM,Depreciation Amortization Depletion,2022-12-31,7051000000.0
JPM,Depreciation Amortization Depletion,2021-12-31,
JPM,Depreciation And Amortization,2025-12-31,8821000000.0
JPM,Depreciation And Amortization,2024-12-31,7938000000.0
JPM,Depreciation And Amortization,2023-12-31,7512000000.0
JPM,Depreciation And Amortization,2022-12-31,7051000000.0
JPM,Depreciation And Amortization,2021-12-31,
JPM,Operating Gains Losses,2025-12-31,
JPM,Operating Gains Losses,2024-12-31,-7990000000.0
JPM,Operating Gains Losses,2023-12-31,-2775000000.0
JPM,Operating Gains Losses,2022-12-31,
JPM,Operating Gains Losses,2021-12-31,
JPM,Gain Loss On Investment Securities,2025-12-31,0.0
JPM,Gain Loss On Investment Securities,2024-12-31,-7990000000.0
JPM,Gain Loss On Investment Securities,2023-12-31,0.0
JPM,Gain Loss On Investment Securities,2022-12-31,0.0
JPM,Gain Loss On Investment Securities,2021-12-31,
JPM,Gain Loss On Sale Of Business,2025-12-31,
JPM,Gain Loss On Sale Of Business,2024-12-31,
JPM,Gain Loss On Sale Of Business,2023-12-31,-2775000000.0
JPM,Gain Loss On Sale Of Business,2022-12-31,0.0
JPM,Gain Loss On Sale Of Business,2021-12-31,0.0
JPM,Net Income From Continuing Operations,2025-12-31,57048000000.0
JPM,Net Income From Continuing Operations,2024-12-31,58471000000.0
JPM,Net Income From Continuing Operations,2023-12-31,49552000000.0
JPM,Net Income From Continuing Operations,2022-12-31,37676000000.0
JPM,Net Income From Continuing Operations,2021-12-31,
